Festival Name,Media 1 Festival,Media 2 Festival,Media 3 Festival,Description,Lineup artiste 1,Photo Lineup artiste 1,Lineup artiste 2,Photo Lineup artiste 2,Lineup artiste 3,Photo Lineup artiste 3,Lineup artiste 4,Photo Lineup artiste 4,Dates début,Dates fin,Genre,City,Country,Venue,Capacity,Website,Ticket Price (EUR),Accommodation Options,Nearest Airport,Atmosphere,Notes,Ticket Type,Currency,Price Tier 1,Price Tier 2,Price Tier 3,Description Hébergement Petit Groupe 1,Copie de  URL Hébergement Petit Groupe 1,Distance Hébergement Petit Groupe 1,Capacité Hebergement Petit Groupe 1,Prix/nuit Hébergement Petit Groupe 1,Prix total (3 nuits) Hébergement Petit Groupe 1,Équipements Hébergement Petit Groupe 1,Photo Hébergement Petit Groupe 1,Temps voiture Hébergement Petit Groupe 1, Description Hébergement Petit Groupe 2,URL Hébergement Petit Groupe 2,Distance Hébergement Petit Groupe 2,Capacité Hébergement Petit Groupe 2,Prix/nuit Hébergement Petit Groupe 2,Prix total (3 nuits) Hébergement Petit Groupe 2,Équipements Hébergement Petit Groupe 2,Photo Hébergement Petit Groupe 2,Temps voiture Hébergement Petit Groupe 2,Description Hébergement Petit Groupe 3,URL Hébergement Petit Groupe 3,Distance Hébergement Petit Groupe 3,Capacité Hébergement Petit Groupe 3,Prix/nuit Hébergement Petit Groupe 3,Prix total (3 nuits) Hébergement Petit Groupe 3,Équipements Hébergement Petit Groupe 3,Photo Hébergement Petit Groupe 3,Temps voiture Hébergement Petit Groupe 3,Description Hébergement Groupe Moyen 1,URL Hébergement Groupe Moyen 1,Distance Hébergement Groupe Moyen 1,Capacité Hébergement Groupe Moyen 1,Prix/nuit Hébergement Groupe Moyen 1,Prix total (3 nuits) Hébergement Groupe Moyen 1,Équipements Hébergement Groupe Moyen 1,Photo Hébergement Groupe Moyen 1,Temps voiture Hébergement Groupe Moyen 1,Description Hébergement Groupe Moyen 2,URL Hébergement Groupe Moyen 2,Distance Hébergement Groupe Moyen 2,Capacité Hébergement Groupe Moyen 2,Prix/nuit Hébergement Groupe Moyen 2,Prix total (3 nuits) Hébergement Groupe Moyen 2,Équipements Hébergement Groupe Moyen 2,Photo Hébergement Groupe Moyen 2,Temps voiture Hébergement Groupe Moyen 2,Description Hébergement Groupe Moyen 3,URL Hébergement Groupe Moyen 3,Distance Hébergement Groupe Moyen 3,Capacité Hébergement Groupe Moyen 3,Prix/nuit Hébergement Groupe Moyen 3,Prix total (3 nuits) Hébergement Groupe Moyen 3,Équipements Hébergement Groupe Moyen 3,Photo Hébergement Groupe Moyen 3,Temps voiture Hébergement Groupe Moyen 3,Description Hébergement Groupe Large 1,URL Hébergement Groupe Large 1,Distance Hébergement Groupe Large 1,Capacité Hébergement Groupe Large 1,Prix/nuit Hébergement Groupe Large 1,Prix total (3 nuits) Hébergement Groupe Large 1,Équipements Hébergement Groupe Large 1,Photo Hébergement Groupe Large 1,Temps voiture Hébergement Groupe Large 1,Description Hébergement Groupe Large 2,URL Hébergement Groupe Large 2,Distance Hébergement Groupe Large 2,Capacité Hébergement Groupe Large 2,Prix/nuit Hébergement Groupe Large 2,Prix total (3 nuits) Hébergement Groupe Large 2,Équipements Hébergement Groupe Large 2,Photo Hébergement Groupe Large 2,Temps voiture Hébergement Groupe Large 2,Description Hébergement Groupe Large 3,URL Hébergement Groupe Large 3,Distance Hébergement Groupe Large 3,Capacité Hébergement Groupe Large 3,Prix/nuit Hébergement Groupe Large 3,Prix total (3 nuits) Hébergement Groupe Large 3,Équipements Hébergement Groupe Large 3,Photo Hébergement Groupe Large 3,Temps voiture Hébergement Groupe Large 3,Description Hébergement Très Grand Groupe 1,URL Hébergement Très Grand Groupe 1,Distance Hébergement Très Grand Groupe 1,Capacité Hébergement Très Grand Groupe 1,Prix/nuit Hébergement Très Grand Groupe 1, Prix total (3 nuits) Hébergement Très Grand Groupe 1,Équipements Hébergement Très Grand Groupe 1,Photo Hébergement Très Grand Groupe 1,Temps voiture Hébergement Très Grand Groupe 1,Description Hébergement Très Grand Groupe 2,URL Hébergement Très Grand Groupe 2,Distance Hébergement Très Grand Groupe 2,Capacité Hébergement Très Grand Groupe 2,Prix/nuit Hébergement Très Grand Groupe 2,Prix total (3 nuits) Hébergement Très Grand Groupe 2,Équipements Hébergement Très Grand Groupe 2,Photo Hébergement Très Grand Groupe 2,Temps voiture Hébergement Très Grand Groupe 2,Description Vol 1,URL Vol 1,Aéroport de départ 1,Aéroport d’arrivée 1,Date Aller 1,Date Retour 1,Classe 1,Prix indicatif unitaire 1,Compagnie aérienne 1,Durée estimée du vol
Tomorrowland,,,,"Tomorrowland est réputé pour son atmosphère vibrante, ses scènes spectaculaires et sa programmation éclectique d'artistes internationaux. Il allie musique, art et expériences culturelles pour créer un voyage inoubliable in plaines désertiques.",Martin Garrix,,Charlotte de Witte,,David Guetta,,Tale Of Us,,2026-08-18,2026-08-21,Trance,"Boom 
",Belgium,West Evan Indoor Club,5961,https://www.tomorrowland.com,121,Glamping,West Evan International Airport,One-stage intimate,Renowned for immersive experience and world-class DJs.,Camping Pass,EUR,69,193,563,,,,,,,,,,,,,,,,,,,,,,,,,,,,,,,,,,,,,,,,,,,,,,,,,,,,,,,,,,,,,,,,,,,,,,,,,,,,,,,,,,,,,,,,,,,,,,,,,,,,,,,,,,,,,
Awakenings Festival,,,,"Awakenings Festival est réputé pour son atmosphère vibrante, ses scènes spectaculaires et sa programmation éclectique d'artistes internationaux. Il allie musique, art et expériences culturelles pour créer un voyage inoubliable in forêts isolées.",Amelie Lens,,Adam Beyer,,Nina Kraviz,,Reinier Zonneveld,,2026-07-21,2026-07-23,Trance,Hilvarenbeek,Netherlands,Coleside Open Air,50713,https://www.awakeningsfestival.com,120,Camping,Coleside International Airport,Desert gathering,Renowned for immersive experience and world-class DJs.,General Admission,USD,51,165,583,"Appartement cosy, 2 chambres, cuisine ouverte, petite terrasse",https://airtable.com/appdJC3RsnMtbbMzf/tblf3dt81sLe7Hs8Y/viwmbKXt5kS1I4jpS/recE6QzudI144tx0v/fldwWavYFZBdlJhcw?copyLinkToCellOrRecordOrigin=gridView,5 km,4 personnes,120 €,360 €,"Cuisine équipée, Wi‑Fi, parking privé",,10 min,"Studio duplex, 1 chambre, kitchenette, accès jardin partagé",https://www.airbnb.fr/rooms/49645414,5 km,2 personnes,80 €,240 €,"Kitchenette, Wi‑Fi, machine à laver",,10 min,"Petite maison mitoyenne, 2 chambres, jardin privé avec barbecue",https://www.airbnb.fr/rooms/50207448,6 km,2 personnes,95 €,285 €,"Cuisine, parking, Wi‑Fi",,12 min,"Maison familiale, 4 chambres, grand salon et jardin clos",https://www.airbnb.fr/rooms/823039004411674265,4 km,8 personnes,200 €,600 €,"Cuisine complète, Wi‑Fi, 2 places parking",,8 min,"Villa moderne de 5 pièces, grande terrasse et barbecue",https://www.airbnb.fr/rooms/4488715,6 km,8 personnes,230 €,690 €,"Parking, Wi‑Fi, machine à laver",,11 min,"Grande maison rurale, 4 chambres, jardin, animaux autorisés",https://www.airbnb.fr/rooms/1358714708936017136,7 km,8 personnes,180 €,540 €,"Cuisine équipée, parking, Wi‑Fi",,13 min,"Gîte 6 chambres, grand salon lumineux, cuisine pro",https://www.airbnb.fr/rooms/44146640,4 km,12 personnes,350 €,1 050 €,"Cuisine équipée, parking, Wi‑Fi",,9 min,"Ferme rénovée 5 chambres, jardin avec barbecue",https://www.airbnb.fr/rooms/943429809533878526,8 km (Hilvarenbeek),12 personnes,300 €,900 €,"Cuisine, machine à laver, parking",,15 min,"Grange aménagée style loft, 5 chambres, décor industriel",https://www.airbnb.fr/rooms/52506647,9 km,12 personnes,280 €,840 €,"Cuisine, Wi‑Fi, BBQ",,17 min,"Demeure de campagne, 8 chambres, piscine et grands espaces extérieurs",https://www.airbnb.fr/rooms/582235985162053235,10 km ,16 personnes,550 €,1 650 €,"Piscine, cuisine pro, parking, Wi‑Fi",,18 min,"Manoir 9 chambres, grands salons, jardin fleuri",https://www.airbnb.fr/rooms/582235985162053235,10 km,16 personnes,550 €,1 650 €,"Jardin fleuri, Wi‑Fi, parking",,18 min,Aller-retour Paris Charles de Gaulle (CDG) ➝ Eindhoven (EIN) en classe économique,https://www.kayak.fr/flights/CDG-EIN/2026-06-21/2026-06-23?ucs=w0gm43&sort=bestflight_a#dialog,Paris Charles de Gaulle (CDG),Eindhoven Airport (EIN),21 juillet 2026,23 juillet 2026,Économique,380 €,Air France,Environ 1h15 
Ultra Music Festival,,,,"Ultra Music Festival est réputé pour son atmosphère vibrante, ses scènes spectaculaires et sa programmation éclectique d'artistes internationaux. Il allie musique, art et expériences culturelles pour créer un voyage inoubliable in plaines désertiques.",Armin van Buuren,,Fisher,,Zedd,,Afrojack,,2026-08-24,2026-08-31,Hardstyle,Miami,USA,Stephensmouth Indoor Club,23698,https://www.ultramusicfestival.com,341,Bungalow,Stephensmouth International Airport,Forest rave,Renowned for immersive experience and world-class DJs.,Backstage Pass,GBP,136,234,467,,,,,,,,,,,,,,,,,,,,,,,,,,,,,,,,,,,,,,,,,,,,,,,,,,,,,,,,,,,,,,,,,,,,,,,,,,,,,,,,,,,,,,,,,,,,,,,,,,,,,,,,,,,,,
Time Warp,,,,"Time Warp est réputé pour son atmosphère vibrante, ses scènes spectaculaires et sa programmation éclectique d'artistes internationaux. Il allie musique, art et expériences culturelles pour créer un voyage inoubliable in forêts isolées.",Richie Hawtin,,Solomun,,Dixon,,Peggy Gou,,2026-08-23,2026-08-25,Trance,Manheim,Germany,Alexandershire Indoor Club,53592,https://www.timewarp.com,270,"No accommodation included, Hotel, Bungalow",Alexandershire International Airport,One-stage intimate,Renowned for immersive experience and world-class DJs.,Backstage Pass,EUR,59,267,408,,,,,,,,,,,,,,,,,,,,,,,,,,,,,,,,,,,,,,,,,,,,,,,,,,,,,,,,,,,,,,,,,,,,,,,,,,,,,,,,,,,,,,,,,,,,,,,,,,,,,,,,,,,,,
Creamfields,,,,"Creamfields est réputé pour son atmosphère vibrante, ses scènes spectaculaires et sa programmation éclectique d'artistes internationaux. Il allie musique, art et expériences culturelles pour créer un voyage inoubliable in paysages urbains.",Calvin Harris,,Tiësto,,Carl Cox,,Alesso,,2026-07-01,2026-07-08,Techno,New Alanville,USA,New Alanville Open Air,19806,https://www.creamfields.com,159,"Camping, Airbnb, Bungalow",New Alanville International Airport,One-stage intimate,Renowned for immersive experience and world-class DJs.,Camping Pass,USD,65,231,469,,,,,,,,,,,,,,,,,,,,,,,,,,,,,,,,,,,,,,,,,,,,,,,,,,,,,,,,,,,,,,,,,,,,,,,,,,,,,,,,,,,,,,,,,,,,,,,,,,,,,,,,,,,,,
Sonar,,,,"Sonar est réputé pour son atmosphère vibrante, ses scènes spectaculaires et sa programmation éclectique d'artistes internationaux. Il allie musique, art et expériences culturelles pour créer un voyage inoubliable in sites côtiers.",Moderat,,Aphex Twin,,Four Tet,,Bicep,,2026-07-19,2026-07-23,Hardstyle,Elizabethberg,Vietnam,Elizabethberg Indoor Club,24587,https://www.sonar.com,311,"Glamping, Camping",Elizabethberg International Airport,Multi-stage,Renowned for immersive experience and world-class DJs.,General Admission,EUR,98,299,429,,,,,,,,,,,,,,,,,,,,,,,,,,,,,,,,,,,,,,,,,,,,,,,,,,,,,,,,,,,,,,,,,,,,,,,,,,,,,,,,,,,,,,,,,,,,,,,,,,,,,,,,,,,,,
EXIT Festival,,,,"EXIT Festival est réputé pour son atmosphère vibrante, ses scènes spectaculaires et sa programmation éclectique d'artistes internationaux. Il allie musique, art et expériences culturelles pour créer un voyage inoubliable in paysages urbains.",DJ Snake,,Boris Brejcha,,Steve Aoki,,Paul Kalkbrenner,,2026-08-17,2026-08-19,Hardstyle,Frederickfurt,Spain,Frederickfurt Open Air,28188,https://www.exitfestival.com,384,"Airbnb, Glamping",Frederickfurt International Airport,Desert gathering,Renowned for immersive experience and world-class DJs.,Backstage Pass,GBP,63,245,310,,,,,,,,,,,,,,,,,,,,,,,,,,,,,,,,,,,,,,,,,,,,,,,,,,,,,,,,,,,,,,,,,,,,,,,,,,,,,,,,,,,,,,,,,,,,,,,,,,,,,,,,,,,,,
Dekmantel,,,,"Dekmantel est réputé pour son atmosphère vibrante, ses scènes spectaculaires et sa programmation éclectique d'artistes internationaux. Il allie musique, art et expériences culturelles pour créer un voyage inoubliable in forêts isolées.",Ben UFO,,Floating Points,,Honey Dijon,,Palms Trax,,2026-08-24,2026-08-26,EDM,New Alejandroberg,Germany,New Alejandroberg Indoor Club,14109,https://www.dekmantel.com,240,"Bungalow, Airbnb",New Alejandroberg International Airport,Forest rave,Renowned for immersive experience and world-class DJs.,Camping Pass,EUR,53,160,372,,,,,,,,,,,,,,,,,,,,,,,,,,,,,,,,,,,,,,,,,,,,,,,,,,,,,,,,,,,,,,,,,,,,,,,,,,,,,,,,,,,,,,,,,,,,,,,,,,,,,,,,,,,,,
Dimensions Festival,,,,"Dimensions Festival est réputé pour son atmosphère vibrante, ses scènes spectaculaires et sa programmation éclectique d'artistes internationaux. Il allie musique, art et expériences culturelles pour créer un voyage inoubliable in paysages urbains.",HAAi,,DJ Seinfeld,,KiNK,,Shanti Celeste,,2026-07-08,2026-07-15,EDM,East Juan,USA,East Juan Indoor Club,32678,https://www.dimensionsfestival.com,386,"Glamping, Hotel, Airbnb",East Juan International Airport,One-stage intimate,Renowned for immersive experience and world-class DJs.,VIP,EUR,89,260,388,,,,,,,,,,,,,,,,,,,,,,,,,,,,,,,,,,,,,,,,,,,,,,,,,,,,,,,,,,,,,,,,,,,,,,,,,,,,,,,,,,,,,,,,,,,,,,,,,,,,,,,,,,,,,
Movement Detroit,,,,"Movement Detroit est réputé pour son atmosphère vibrante, ses scènes spectaculaires et sa programmation éclectique d'artistes internationaux. Il allie musique, art et expériences culturelles pour créer un voyage inoubliable in plaines désertiques.",Derrick May,,Jeff Mills,,Carl Craig,,Octave One,,2026-07-24,2026-07-31,House,West Lindseychester,Spain,West Lindseychester Indoor Club,24276,https://www.movementdetroit.com,74,"Airbnb, Glamping",West Lindseychester International Airport,One-stage intimate,Renowned for immersive experience and world-class DJs.,Backstage Pass,EUR,141,263,467,,,,,,,,,,,,,,,,,,,,,,,,,,,,,,,,,,,,,,,,,,,,,,,,,,,,,,,,,,,,,,,,,,,,,,,,,,,,,,,,,,,,,,,,,,,,,,,,,,,,,,,,,,,,,
Burning Man,,,,"Burning Man est réputé pour son atmosphère vibrante, ses scènes spectaculaires et sa programmation éclectique d'artistes internationaux. Il allie musique, art et expériences culturelles pour créer un voyage inoubliable in plaines désertiques.",Black Coffee,,Jamie xx,,Damian Lazarus,,Acid Pauli,,2026-08-02,2026-08-07,Hardstyle,Hallstad,Thailand,Hallstad Open Air,21900,https://www.burningman.com,170,"Camping, Bungalow, No accommodation included",Hallstad International Airport,Multi-stage,Renowned for immersive experience and world-class DJs.,VIP,EUR,107,250,564,,,,,,,,,,,,,,,,,,,,,,,,,,,,,,,,,,,,,,,,,,,,,,,,,,,,,,,,,,,,,,,,,,,,,,,,,,,,,,,,,,,,,,,,,,,,,,,,,,,,,,,,,,,,,
DGTL Amsterdam,,,,"DGTL Amsterdam est réputé pour son atmosphère vibrante, ses scènes spectaculaires et sa programmation éclectique d'artistes internationaux. Il allie musique, art et expériences culturelles pour créer un voyage inoubliable in sites côtiers.",Stephan Bodzin,,Adriatique,,ANNA,,Kölsch,,2026-08-25,2026-08-28,Techno,East Donnashire,Germany,East Donnashire Indoor Club,24266,https://www.dgtlamsterdam.com,315,Hotel,East Donnashire International Airport,Forest rave,Renowned for immersive experience and world-class DJs.,VIP,GBP,139,287,468,,,,,,,,,,,,,,,,,,,,,,,,,,,,,,,,,,,,,,,,,,,,,,,,,,,,,,,,,,,,,,,,,,,,,,,,,,,,,,,,,,,,,,,,,,,,,,,,,,,,,,,,,,,,,
ADE,,,,"ADE est réputé pour son atmosphère vibrante, ses scènes spectaculaires et sa programmation éclectique d'artistes internationaux. Il allie musique, art et expériences culturelles pour créer un voyage inoubliable in forêts isolées.",CamelPhat,,Nora En Pure,,Claptone,,Chris Liebing,,2026-07-10,2026-07-17,House,Michaelfurt,Portugal,Michaelfurt Indoor Club,73313,https://www.ade.com,106,No accommodation included,Michaelfurt International Airport,Multi-stage,Renowned for immersive experience and world-class DJs.,Backstage Pass,EUR,114,278,358,,,,,,,,,,,,,,,,,,,,,,,,,,,,,,,,,,,,,,,,,,,,,,,,,,,,,,,,,,,,,,,,,,,,,,,,,,,,,,,,,,,,,,,,,,,,,,,,,,,,,,,,,,,,,
Boom Festival,,,,"Boom Festival est réputé pour son atmosphère vibrante, ses scènes spectaculaires et sa programmation éclectique d'artistes internationaux. Il allie musique, art et expériences culturelles pour créer un voyage inoubliable in forêts isolées.",Astrix,,Infected Mushroom,,Liquid Soul,,Vini Vici,,2026-08-16,2026-08-21,Trance,Powellland,Hungary,Powellland Open Air,13162,https://www.boomfestival.com,112,"Hotel, Camping",Powellland International Airport,One-stage intimate,Renowned for immersive experience and world-class DJs.,VIP,EUR,120,216,596,,,,,,,,,,,,,,,,,,,,,,,,,,,,,,,,,,,,,,,,,,,,,,,,,,,,,,,,,,,,,,,,,,,,,,,,,,,,,,,,,,,,,,,,,,,,,,,,,,,,,,,,,,,,,
Ozora Festival,,,,"Ozora Festival est réputé pour son atmosphère vibrante, ses scènes spectaculaires et sa programmation éclectique d'artistes internationaux. Il allie musique, art et expériences culturelles pour créer un voyage inoubliable in forêts isolées.",Ajja,,Avalon,,Tristan,,Symbolic,,2026-07-07,2026-07-13,House,North Rogerburgh,Australia,North Rogerburgh Indoor Club,57182,https://www.ozorafestival.com,245,No accommodation included,North Rogerburgh International Airport,Multi-stage,Renowned for immersive experience and world-class DJs.,VIP,GBP,143,273,490,,,,,,,,,,,,,,,,,,,,,,,,,,,,,,,,,,,,,,,,,,,,,,,,,,,,,,,,,,,,,,,,,,,,,,,,,,,,,,,,,,,,,,,,,,,,,,,,,,,,,,,,,,,,,
Mysteryland,,,,"Mysteryland est réputé pour son atmosphère vibrante, ses scènes spectaculaires et sa programmation éclectique d'artistes internationaux. Il allie musique, art et expériences culturelles pour créer un voyage inoubliable in paysages urbains.",Hardwell,,Yotto,,Headhunterz,,Malaa,,2026-08-12,2026-08-19,Psytrance,Keychester,Australia,Keychester Open Air,35487,https://www.mysteryland.com,155,"Bungalow, No accommodation included",Keychester International Airport,Forest rave,Renowned for immersive experience and world-class DJs.,Backstage Pass,USD,131,282,378,,,,,,,,,,,,,,,,,,,,,,,,,,,,,,,,,,,,,,,,,,,,,,,,,,,,,,,,,,,,,,,,,,,,,,,,,,,,,,,,,,,,,,,,,,,,,,,,,,,,,,,,,,,,,
Rampage,,,,"Rampage est réputé pour son atmosphère vibrante, ses scènes spectaculaires et sa programmation éclectique d'artistes internationaux. Il allie musique, art et expériences culturelles pour créer un voyage inoubliable in plaines désertiques.",Subtronics,,Anyma,,Kayzo,,Virtual Riot,,2026-07-21,2026-07-23,House,Port Anthonytown,Belgium,Port Anthonytown Open Air,28591,https://www.rampage.com,51,Airbnb,Port Anthonytown International Airport,Desert gathering,Renowned for immersive experience and world-class DJs.,General Admission,USD,111,204,405,,,,,,,,,,,,,,,,,,,,,,,,,,,,,,,,,,,,,,,,,,,,,,,,,,,,,,,,,,,,,,,,,,,,,,,,,,,,,,,,,,,,,,,,,,,,,,,,,,,,,,,,,,,,,
Shambhala,,,,"Shambhala est réputé pour son atmosphère vibrante, ses scènes spectaculaires et sa programmation éclectique d'artistes internationaux. Il allie musique, art et expériences culturelles pour créer un voyage inoubliable in plaines désertiques.",Rezz,,CloZee,,Griz,,Opiuo,,2026-07-03,2026-07-05,Techno,Berrymouth,Italy,Berrymouth Indoor Club,74828,https://www.shambhala.com,209,Hotel,Berrymouth International Airport,Desert gathering,Renowned for immersive experience and world-class DJs.,General Admission,GBP,115,299,522,,,,,,,,,,,,,,,,,,,,,,,,,,,,,,,,,,,,,,,,,,,,,,,,,,,,,,,,,,,,,,,,,,,,,,,,,,,,,,,,,,,,,,,,,,,,,,,,,,,,,,,,,,,,,
Airbeat One,,,,"Airbeat One est réputé pour son atmosphère vibrante, ses scènes spectaculaires et sa programmation éclectique d'artistes internationaux. Il allie musique, art et expériences culturelles pour créer un voyage inoubliable in forêts isolées.",Dimitri Vegas & Like Mike,,W&W,,Alan Walker,,Bassjackers,,2026-08-19,2026-08-22,Techno,East Davidtown,Belgium,East Davidtown Indoor Club,22188,https://www.airbeatone.com,237,"Glamping, Airbnb",East Davidtown International Airport,Desert gathering,Renowned for immersive experience and world-class DJs.,Backstage Pass,USD,131,218,310,,,,,,,,,,,,,,,,,,,,,,,,,,,,,,,,,,,,,,,,,,,,,,,,,,,,,,,,,,,,,,,,,,,,,,,,,,,,,,,,,,,,,,,,,,,,,,,,,,,,,,,,,,,,,
Fusion Festival,,,,"Fusion Festival est réputé pour son atmosphère vibrante, ses scènes spectaculaires et sa programmation éclectique d'artistes internationaux. Il allie musique, art et expériences culturelles pour créer un voyage inoubliable in paysages urbains.",Nicolas Jaar,,Bonobo,,Acid Arab,,HVOB,,2026-07-17,2026-07-19,Trance,Colemanberg,Australia,Colemanberg Open Air,28828,https://www.fusionfestival.com,294,"No accommodation included, Bungalow",Colemanberg International Airport,Forest rave,Renowned for immersive experience and world-class DJs.,VIP,USD,128,245,420,,,,,,,,,,,,,,,,,,,,,,,,,,,,,,,,,,,,,,,,,,,,,,,,,,,,,,,,,,,,,,,,,,,,,,,,,,,,,,,,,,,,,,,,,,,,,,,,,,,,,,,,,,,,,
Lost Paradise,,,,"Lost Paradise est réputé pour son atmosphère vibrante, ses scènes spectaculaires et sa programmation éclectique d'artistes internationaux. Il allie musique, art et expériences culturelles pour créer un voyage inoubliable in paysages urbains.",Rufus Du Sol,,Flume,,SG Lewis,,What So Not,,2026-07-11,2026-07-17,Hardstyle,Shafferport,Australia,Shafferport Indoor Club,14927,https://www.lostparadise.com,247,"Hotel, Airbnb",Shafferport International Airport,Multi-stage,Renowned for immersive experience and world-class DJs.,General Admission,EUR,149,298,353,,,,,,,,,,,,,,,,,,,,,,,,,,,,,,,,,,,,,,,,,,,,,,,,,,,,,,,,,,,,,,,,,,,,,,,,,,,,,,,,,,,,,,,,,,,,,,,,,,,,,,,,,,,,,
Sunburn Festival,,,,"Sunburn Festival est réputé pour son atmosphère vibrante, ses scènes spectaculaires et sa programmation éclectique d'artistes internationaux. Il allie musique, art et expériences culturelles pour créer un voyage inoubliable in forêts isolées.",KSHMR,,Nucleya,,Dimitri Vegas,,DJ Snake,,2026-07-14,2026-07-20,Hardstyle,Richardsonstad,Switzerland,Richardsonstad Open Air,51278,https://www.sunburnfestival.com,210,"Glamping, Camping, Airbnb",Richardsonstad International Airport,One-stage intimate,Renowned for immersive experience and world-class DJs.,General Admission,GBP,54,290,403,,,,,,,,,,,,,,,,,,,,,,,,,,,,,,,,,,,,,,,,,,,,,,,,,,,,,,,,,,,,,,,,,,,,,,,,,,,,,,,,,,,,,,,,,,,,,,,,,,,,,,,,,,,,,
Electric Daisy Carnival,,,,"Electric Daisy Carnival est réputé pour son atmosphère vibrante, ses scènes spectaculaires et sa programmation éclectique d'artistes internationaux. Il allie musique, art et expériences culturelles pour créer un voyage inoubliable in sites côtiers.",Marshmello,,Porter Robinson,,Illenium,,Alison Wonderland,,2026-08-01,2026-08-06,EDM,New Tanya,UK,New Tanya Open Air,58133,https://www.electricdaisycarnival.com,149,"Hotel, Glamping, Airbnb",New Tanya International Airport,Multi-stage,Renowned for immersive experience and world-class DJs.,Camping Pass,EUR,96,273,459,,,,,,,,,,,,,,,,,,,,,,,,,,,,,,,,,,,,,,,,,,,,,,,,,,,,,,,,,,,,,,,,,,,,,,,,,,,,,,,,,,,,,,,,,,,,,,,,,,,,,,,,,,,,,
Parookaville,,,,"Parookaville est réputé pour son atmosphère vibrante, ses scènes spectaculaires et sa programmation éclectique d'artistes internationaux. Il allie musique, art et expériences culturelles pour créer un voyage inoubliable in forêts isolées.",Robin Schulz,,Steve Angello,,Lost Frequencies,,Oliver Heldens,,2025-07-08,2026-07-22,EDM,Brownton,Belgium,Brownton Indoor Club,18812,https://www.parookaville.com,109,Hotel,Brownton International Airport,Forest rave,Renowned for immersive experience and world-class DJs.,General Admission,USD,77,226,424,,,,,,,,,,,,,,,,,,,,,,,,,,,,,,,,,,,,,,,,,,,,,,,,,,,,,,,,,,,,,,,,,,,,,,,,,,,,,,,,,,,,,,,,,,,,,,,,,,,,,,,,,,,,,
Defqon 1,,,,"Defqon 1 est réputé pour son atmosphère vibrante, ses scènes spectaculaires et sa programmation éclectique d'artistes internationaux. Il allie musique, art et expériences culturelles pour créer un voyage inoubliable in plaines désertiques.",Angerfist,,Wildstylez,,Brennan Heart,,D-Block & S-te-Fan,,2025-07-08,2025-07-08,Techno,South Lindastad,Hungary,South Lindastad Open Air,45821,https://www.defqon1.com,207,Camping,South Lindastad International Airport,Forest rave,Renowned for immersive experience and world-class DJs.,VIP,GBP,54,208,306,,,,,,,,,,,,,,,,,,,,,,,,,,,,,,,,,,,,,,,,,,,,,,,,,,,,,,,,,,,,,,,,,,,,,,,,,,,,,,,,,,,,,,,,,,,,,,,,,,,,,,,,,,,,,
Hard Island,,,,"Hard Island est réputé pour son atmosphère vibrante, ses scènes spectaculaires et sa programmation éclectique d'artistes internationaux. Il allie musique, art et expériences culturelles pour créer un voyage inoubliable in plaines désertiques.",Da Tweekaz,,Atmozfears,,Ran-D,,Noisecontrollers,,2026-07-18,2026-07-25,House,Roblestown,Iceland,Roblestown Indoor Club,29291,https://www.hardisland.com,301,Hotel,Roblestown International Airport,Desert gathering,Renowned for immersive experience and world-class DJs.,Backstage Pass,EUR,73,221,343,,,,,,,,,,,,,,,,,,,,,,,,,,,,,,,,,,,,,,,,,,,,,,,,,,,,,,,,,,,,,,,,,,,,,,,,,,,,,,,,,,,,,,,,,,,,,,,,,,,,,,,,,,,,,
Sziget Festival,,,,"Sziget Festival est réputé pour son atmosphère vibrante, ses scènes spectaculaires et sa programmation éclectique d'artistes internationaux. Il allie musique, art et expériences culturelles pour créer un voyage inoubliable in paysages urbains.",Fred again..,,Rosalía,,Odesza,,The Chainsmokers,,2026-08-17,2026-08-22,EDM,Simpsonmouth,Iceland,Simpsonmouth Open Air,11658,https://www.szigetfestival.com,253,"Bungalow, Glamping",Simpsonmouth International Airport,Desert gathering,Renowned for immersive experience and world-class DJs.,Camping Pass,EUR,75,181,461,,,,,,,,,,,,,,,,,,,,,,,,,,,,,,,,,,,,,,,,,,,,,,,,,,,,,,,,,,,,,,,,,,,,,,,,,,,,,,,,,,,,,,,,,,,,,,,,,,,,,,,,,,,,,
Love Parade Revival,,,,"Love Parade Revival est réputé pour son atmosphère vibrante, ses scènes spectaculaires et sa programmation éclectique d'artistes internationaux. Il allie musique, art et expériences culturelles pour créer un voyage inoubliable in paysages urbains.",Paul van Dyk,,Sven Väth,,Westbam,,Ellen Allien,,2026-07-04,2026-07-11,Techno,Wilsontown,Italy,Wilsontown Indoor Club,22001,https://www.loveparaderevival.com,88,Hotel,Wilsontown International Airport,One-stage intimate,Renowned for immersive experience and world-class DJs.,General Admission,USD,57,217,596,,,,,,,,,,,,,,,,,,,,,,,,,,,,,,,,,,,,,,,,,,,,,,,,,,,,,,,,,,,,,,,,,,,,,,,,,,,,,,,,,,,,,,,,,,,,,,,,,,,,,,,,,,,,,
Caprices Festival,,,,"Caprices Festival est réputé pour son atmosphère vibrante, ses scènes spectaculaires et sa programmation éclectique d'artistes internationaux. Il allie musique, art et expériences culturelles pour créer un voyage inoubliable in plaines désertiques.",Maceo Plex,,Adriatique,,Seth Troxler,,Sonja Moonear,,2026-08-10,2026-08-17,EDM,East Valeriestad,Netherlands,East Valeriestad Open Air,14744,https://www.capricesfestival.com,354,"Camping, Bungalow",East Valeriestad International Airport,One-stage intimate,Renowned for immersive experience and world-class DJs.,Backstage Pass,EUR,124,221,385,,,,,,,,,,,,,,,,,,,,,,,,,,,,,,,,,,,,,,,,,,,,,,,,,,,,,,,,,,,,,,,,,,,,,,,,,,,,,,,,,,,,,,,,,,,,,,,,,,,,,,,,,,,,,
Epizode Festival,,,,"Epizode Festival est réputé pour son atmosphère vibrante, ses scènes spectaculaires et sa programmation éclectique d'artistes internationaux. Il allie musique, art et expériences culturelles pour créer un voyage inoubliable in plaines désertiques.",Bedouin,,Damian Lazarus,,Lee Burridge,,Monolink,,2026-07-02,2026-07-04,Techno,Richardview,Germany,Richardview Indoor Club,12212,https://www.epizodefestival.com,166,Bungalow,Richardview International Airport,Forest rave,Renowned for immersive experience and world-class DJs.,General Admission,GBP,112,239,366,,,,,,,,,,,,,,,,,,,,,,,,,,,,,,,,,,,,,,,,,,,,,,,,,,,,,,,,,,,,,,,,,,,,,,,,,,,,,,,,,,,,,,,,,,,,,,,,,,,,,,,,,,,,,
Kappa FuturFestival,,,,"Kappa FuturFestival est réputé pour son atmosphère vibrante, ses scènes spectaculaires et sa programmation éclectique d'artistes internationaux. Il allie musique, art et expériences culturelles pour créer un voyage inoubliable in forêts isolées.",Carl Cox,,Solomun,,Jamie Jones,,Charlotte de Witte,,2026-08-01,2026-08-04,Techno,South David,USA,South David Indoor Club,75770,https://www.kappafuturfestival.com,202,"Bungalow, No accommodation included, Airbnb",South David International Airport,Multi-stage,Renowned for immersive experience and world-class DJs.,VIP,EUR,86,283,300,,,,,,,,,,,,,,,,,,,,,,,,,,,,,,,,,,,,,,,,,,,,,,,,,,,,,,,,,,,,,,,,,,,,,,,,,,,,,,,,,,,,,,,,,,,,,,,,,,,,,,,,,,,,,
Les Plages Electroniques,,,,"Les Plages Electroniques est réputé pour son atmosphère vibrante, ses scènes spectaculaires et sa programmation éclectique d'artistes internationaux. Il allie musique, art et expériences culturelles pour créer un voyage inoubliable in forêts isolées.",DJ Snake,,Kungs,,Ofenbach,,Bob Sinclar,,2026-07-21,2026-07-27,Techno,Lake Kevinmouth,Croatia,Lake Kevinmouth Open Air,22615,https://www.lesplageselectroniques.com,231,"Glamping, Hotel",Lake Kevinmouth International Airport,Multi-stage,Renowned for immersive experience and world-class DJs.,VIP,EUR,55,273,572,,,,,,,,,,,,,,,,,,,,,,,,,,,,,,,,,,,,,,,,,,,,,,,,,,,,,,,,,,,,,,,,,,,,,,,,,,,,,,,,,,,,,,,,,,,,,,,,,,,,,,,,,,,,,
Nuits Sonores,,,,"Nuits Sonores est réputé pour son atmosphère vibrante, ses scènes spectaculaires et sa programmation éclectique d'artistes internationaux. Il allie musique, art et expériences culturelles pour créer un voyage inoubliable in forêts isolées.",Laurent Garnier,,Jon Hopkins,,Kelly Lee Owens,,Apparat,,2026-08-12,2026-08-14,Psytrance,Courtneyland,Thailand,Courtneyland Open Air,16359,https://www.nuitssonores.com,116,Airbnb,Courtneyland International Airport,One-stage intimate,Renowned for immersive experience and world-class DJs.,VIP,GBP,52,203,387,,,,,,,,,,,,,,,,,,,,,,,,,,,,,,,,,,,,,,,,,,,,,,,,,,,,,,,,,,,,,,,,,,,,,,,,,,,,,,,,,,,,,,,,,,,,,,,,,,,,,,,,,,,,,
Weather Festival,,,,"Weather Festival est réputé pour son atmosphère vibrante, ses scènes spectaculaires et sa programmation éclectique d'artistes internationaux. Il allie musique, art et expériences culturelles pour créer un voyage inoubliable in plaines désertiques.",Ben Klock,,Marcel Dettmann,,Rødhåd,,The Black Madonna,,2026-08-10,2026-08-17,Trance,Yoderside,Germany,Yoderside Open Air,70699,https://www.weatherfestival.com,269,"Glamping, No accommodation included, Airbnb",Yoderside International Airport,Desert gathering,Renowned for immersive experience and world-class DJs.,Camping Pass,EUR,95,236,491,,,,,,,,,,,,,,,,,,,,,,,,,,,,,,,,,,,,,,,,,,,,,,,,,,,,,,,,,,,,,,,,,,,,,,,,,,,,,,,,,,,,,,,,,,,,,,,,,,,,,,,,,,,,,
Garorock,,,,"Garorock est réputé pour son atmosphère vibrante, ses scènes spectaculaires et sa programmation éclectique d'artistes internationaux. Il allie musique, art et expériences culturelles pour créer un voyage inoubliable in forêts isolées.",Petit Biscuit,,DJ Snake,,Damso,,Polo & Pan,,2026-08-03,2026-08-06,Psytrance,Lake Jasonbury,Vietnam,Lake Jasonbury Open Air,20597,https://www.garorock.com,78,"Hotel, Glamping, Bungalow",Lake Jasonbury International Airport,Desert gathering,Renowned for immersive experience and world-class DJs.,Camping Pass,USD,58,237,593,,,,,,,,,,,,,,,,,,,,,,,,,,,,,,,,,,,,,,,,,,,,,,,,,,,,,,,,,,,,,,,,,,,,,,,,,,,,,,,,,,,,,,,,,,,,,,,,,,,,,,,,,,,,,
Best Kept Secret,,,,"Best Kept Secret est réputé pour son atmosphère vibrante, ses scènes spectaculaires et sa programmation éclectique d'artistes internationaux. Il allie musique, art et expériences culturelles pour créer un voyage inoubliable in plaines désertiques.",Jamie xx,,Caribou,,Khruangbin,,Arlo Parks,,2026-07-09,2026-07-15,Techno,Colinville,Portugal,Colinville Indoor Club,18625,https://www.bestkeptsecret.com,104,"Airbnb, Bungalow, Camping",Colinville International Airport,One-stage intimate,Renowned for immersive experience and world-class DJs.,Camping Pass,USD,50,269,393,,,,,,,,,,,,,,,,,,,,,,,,,,,,,,,,,,,,,,,,,,,,,,,,,,,,,,,,,,,,,,,,,,,,,,,,,,,,,,,,,,,,,,,,,,,,,,,,,,,,,,,,,,,,,
Parklife,,,,"Parklife est réputé pour son atmosphère vibrante, ses scènes spectaculaires et sa programmation éclectique d'artistes internationaux. Il allie musique, art et expériences culturelles pour créer un voyage inoubliable in sites côtiers.",Disclosure,,Peggy Gou,,CamelPhat,,AJ Tracey,,2026-08-02,2026-08-08,Trance,Lake Jonathanport,Hungary,Lake Jonathanport Open Air,78218,https://www.parklife.com,135,"No accommodation included, Airbnb",Lake Jonathanport International Airport,Forest rave,Renowned for immersive experience and world-class DJs.,General Admission,GBP,95,187,439,,,,,,,,,,,,,,,,,,,,,,,,,,,,,,,,,,,,,,,,,,,,,,,,,,,,,,,,,,,,,,,,,,,,,,,,,,,,,,,,,,,,,,,,,,,,,,,,,,,,,,,,,,,,,
We Are FSTVL,,,,"We Are FSTVL est réputé pour son atmosphère vibrante, ses scènes spectaculaires et sa programmation éclectique d'artistes internationaux. Il allie musique, art et expériences culturelles pour créer un voyage inoubliable in paysages urbains.",Fisher,,MK,,Sonny Fodera,,Dom Dolla,,2026-08-21,2026-08-26,Techno,East Trevor,France,East Trevor Open Air,33693,https://www.wearefstvl.com,340,Glamping,East Trevor International Airport,Forest rave,Renowned for immersive experience and world-class DJs.,General Admission,GBP,77,272,328,,,,,,,,,,,,,,,,,,,,,,,,,,,,,,,,,,,,,,,,,,,,,,,,,,,,,,,,,,,,,,,,,,,,,,,,,,,,,,,,,,,,,,,,,,,,,,,,,,,,,,,,,,,,,
Hospitality On The Beach,,,,"Hospitality On The Beach est réputé pour son atmosphère vibrante, ses scènes spectaculaires et sa programmation éclectique d'artistes internationaux. Il allie musique, art et expériences culturelles pour créer un voyage inoubliable in forêts isolées.",Netsky,,Camo & Krooked,,London Elektricity,,High Contrast,,2026-07-20,2026-07-26,Trance,East Donald,Netherlands,East Donald Indoor Club,74734,https://www.hospitalityonthebeach.com,122,"No accommodation included, Bungalow",East Donald International Airport,Desert gathering,Renowned for immersive experience and world-class DJs.,General Admission,GBP,117,296,330,,,,,,,,,,,,,,,,,,,,,,,,,,,,,,,,,,,,,,,,,,,,,,,,,,,,,,,,,,,,,,,,,,,,,,,,,,,,,,,,,,,,,,,,,,,,,,,,,,,,,,,,,,,,,
Hideout Festival,,,,"Hideout Festival est réputé pour son atmosphère vibrante, ses scènes spectaculaires et sa programmation éclectique d'artistes internationaux. Il allie musique, art et expériences culturelles pour créer un voyage inoubliable in forêts isolées.",Solardo,,Patrick Topping,,Richy Ahmed,,Sonny Fodera,,2026-08-17,2026-08-24,EDM,New Trevor,Iceland,New Trevor Indoor Club,36192,https://www.hideoutfestival.com,98,"Airbnb, Hotel",New Trevor International Airport,Desert gathering,Renowned for immersive experience and world-class DJs.,VIP,USD,105,252,435,,,,,,,,,,,,,,,,,,,,,,,,,,,,,,,,,,,,,,,,,,,,,,,,,,,,,,,,,,,,,,,,,,,,,,,,,,,,,,,,,,,,,,,,,,,,,,,,,,,,,,,,,,,,,
Junction 2,,,,"Junction 2 est réputé pour son atmosphère vibrante, ses scènes spectaculaires et sa programmation éclectique d'artistes internationaux. Il allie musique, art et expériences culturelles pour créer un voyage inoubliable in paysages urbains.",Amelie Lens,,Dixon,,Honey Dijon,,Ben Klock,,2026-08-17,2026-08-21,EDM,West Amandachester,Portugal,West Amandachester Open Air,16541,https://www.junction2.com,104,"Camping, Glamping, Hotel",West Amandachester International Airport,Forest rave,Renowned for immersive experience and world-class DJs.,General Admission,GBP,140,284,455,,,,,,,,,,,,,,,,,,,,,,,,,,,,,,,,,,,,,,,,,,,,,,,,,,,,,,,,,,,,,,,,,,,,,,,,,,,,,,,,,,,,,,,,,,,,,,,,,,,,,,,,,,,,,
No Sleep Festival,,,,"No Sleep Festival est réputé pour son atmosphère vibrante, ses scènes spectaculaires et sa programmation éclectique d'artistes internationaux. Il allie musique, art et expériences culturelles pour créer un voyage inoubliable in paysages urbains.",Nina Kraviz,,Recondite,,DJ Tennis,,KiNK,,2026-08-04,2026-08-10,EDM,West Christinaborough,Thailand,West Christinaborough Open Air,17654,https://www.nosleepfestival.com,249,Airbnb,West Christinaborough International Airport,Multi-stage,Renowned for immersive experience and world-class DJs.,Backstage Pass,GBP,110,288,307,,,,,,,,,,,,,,,,,,,,,,,,,,,,,,,,,,,,,,,,,,,,,,,,,,,,,,,,,,,,,,,,,,,,,,,,,,,,,,,,,,,,,,,,,,,,,,,,,,,,,,,,,,,,,
Bass Coast,,,,"Bass Coast est réputé pour son atmosphère vibrante, ses scènes spectaculaires et sa programmation éclectique d'artistes internationaux. Il allie musique, art et expériences culturelles pour créer un voyage inoubliable in plaines désertiques.",Ivy Lab,,Shades,,Mat the Alien,,Ekali,,2026-07-04,2026-07-10,House,Stephensview,India,Stephensview Open Air,25831,https://www.basscoast.com,292,"Airbnb, Glamping, No accommodation included",Stephensview International Airport,Multi-stage,Renowned for immersive experience and world-class DJs.,Camping Pass,USD,118,285,499,,,,,,,,,,,,,,,,,,,,,,,,,,,,,,,,,,,,,,,,,,,,,,,,,,,,,,,,,,,,,,,,,,,,,,,,,,,,,,,,,,,,,,,,,,,,,,,,,,,,,,,,,,,,,
Chasing Summer,,,,"Chasing Summer est réputé pour son atmosphère vibrante, ses scènes spectaculaires et sa programmation éclectique d'artistes internationaux. Il allie musique, art et expériences culturelles pour créer un voyage inoubliable in forêts isolées.",Illenium,,RL Grime,,Zeds Dead,,San Holo,,2026-08-04,2026-08-07,Hardstyle,West Andrew,UK,West Andrew Open Air,66646,https://www.chasingsummer.com,302,"Hotel, Glamping, Camping",West Andrew International Airport,One-stage intimate,Renowned for immersive experience and world-class DJs.,General Admission,GBP,55,157,331,,,,,,,,,,,,,,,,,,,,,,,,,,,,,,,,,,,,,,,,,,,,,,,,,,,,,,,,,,,,,,,,,,,,,,,,,,,,,,,,,,,,,,,,,,,,,,,,,,,,,,,,,,,,,
Holy Ship,,,,"Holy Ship est réputé pour son atmosphère vibrante, ses scènes spectaculaires et sa programmation éclectique d'artistes internationaux. Il allie musique, art et expériences culturelles pour créer un voyage inoubliable in paysages urbains.",Diplo,,Claude VonStroke,,Chris Lake,,Tchami,,2026-08-15,2026-08-18,Trance,North Jasonberg,Australia,North Jasonberg Open Air,38728,https://www.holyship.com,132,No accommodation included,North Jasonberg International Airport,One-stage intimate,Renowned for immersive experience and world-class DJs.,VIP,GBP,91,209,328,,,,,,,,,,,,,,,,,,,,,,,,,,,,,,,,,,,,,,,,,,,,,,,,,,,,,,,,,,,,,,,,,,,,,,,,,,,,,,,,,,,,,,,,,,,,,,,,,,,,,,,,,,,,,
CRSSD Festival,,,,"CRSSD Festival est réputé pour son atmosphère vibrante, ses scènes spectaculaires et sa programmation éclectique d'artistes internationaux. Il allie musique, art et expériences culturelles pour créer un voyage inoubliable in forêts isolées.",Jamie xx,,Kaytranada,,Gorgon City,,Rufus Du Sol,,2026-07-18,2026-07-22,Techno,West Travis,Iceland,West Travis Open Air,63095,https://www.crssdfestival.com,237,"Bungalow, Camping",West Travis International Airport,Forest rave,Renowned for immersive experience and world-class DJs.,VIP,EUR,100,168,493,,,,,,,,,,,,,,,,,,,,,,,,,,,,,,,,,,,,,,,,,,,,,,,,,,,,,,,,,,,,,,,,,,,,,,,,,,,,,,,,,,,,,,,,,,,,,,,,,,,,,,,,,,,,,
Electric Forest,,,,"Electric Forest est réputé pour son atmosphère vibrante, ses scènes spectaculaires et sa programmation éclectique d'artistes internationaux. Il allie musique, art et expériences culturelles pour créer un voyage inoubliable in forêts isolées.",Griz,,Zeds Dead,,Louis the Child,,Big Gigantic,,2026-08-04,2026-08-08,House,Ryanburgh,USA,Ryanburgh Open Air,56083,https://www.electricforest.com,52,"No accommodation included, Hotel, Camping",Ryanburgh International Airport,Multi-stage,Renowned for immersive experience and world-class DJs.,VIP,USD,139,246,350,,,,,,,,,,,,,,,,,,,,,,,,,,,,,,,,,,,,,,,,,,,,,,,,,,,,,,,,,,,,,,,,,,,,,,,,,,,,,,,,,,,,,,,,,,,,,,,,,,,,,,,,,,,,,
Secret Solstice,,,,"Secret Solstice est réputé pour son atmosphère vibrante, ses scènes spectaculaires et sa programmation éclectique d'artistes internationaux. Il allie musique, art et expériences culturelles pour créer un voyage inoubliable in plaines désertiques.",Fatboy Slim,,Skream,,Seth Troxler,,Bicep,,2026-07-07,2026-07-13,House,Elizabethborough,Italy,Elizabethborough Open Air,64721,https://www.secretsolstice.com,57,Hotel,Elizabethborough International Airport,Desert gathering,Renowned for immersive experience and world-class DJs.,General Admission,EUR,141,272,427,,,,,,,,,,,,,,,,,,,,,,,,,,,,,,,,,,,,,,,,,,,,,,,,,,,,,,,,,,,,,,,,,,,,,,,,,,,,,,,,,,,,,,,,,,,,,,,,,,,,,,,,,,,,,
Primavera Sound,,,,"Primavera Sound est réputé pour son atmosphère vibrante, ses scènes spectaculaires et sa programmation éclectique d'artistes internationaux. Il allie musique, art et expériences culturelles pour créer un voyage inoubliable in forêts isolées.",Fred again..,,Aphex Twin,,FKA Twigs,,Jamie xx,,2026-08-10,2026-08-13,House,Garrisonland,UK,Garrisonland Open Air,59610,https://www.primaverasound.com,228,Bungalow,Garrisonland International Airport,Multi-stage,Renowned for immersive experience and world-class DJs.,General Admission,USD,130,151,329,,,,,,,,,,,,,,,,,,,,,,,,,,,,,,,,,,,,,,,,,,,,,,,,,,,,,,,,,,,,,,,,,,,,,,,,,,,,,,,,,,,,,,,,,,,,,,,,,,,,,,,,,,,,,
Coachella,,,,"Coachella est réputé pour son atmosphère vibrante, ses scènes spectaculaires et sa programmation éclectique d'artistes internationaux. Il allie musique, art et expériences culturelles pour créer un voyage inoubliable in paysages urbains.",Calvin Harris,,Black Coffee,,Peggy Gou,,Frank Ocean,,2026-08-11,2026-08-15,Trance,South Gerald,India,South Gerald Open Air,73731,https://www.coachella.com,226,"No accommodation included, Hotel, Airbnb",South Gerald International Airport,Desert gathering,Renowned for immersive experience and world-class DJs.,Camping Pass,EUR,69,252,538,,,,,,,,,,,,,,,,,,,,,,,,,,,,,,,,,,,,,,,,,,,,,,,,,,,,,,,,,,,,,,,,,,,,,,,,,,,,,,,,,,,,,,,,,,,,,,,,,,,,,,,,,,,,,
,,,,,,,,,,,,,,,,,,,,,,,,,,,,,,,,,,,,,,,,,,,,,,,,,,,,,,,,,,,,,,,,,,,,,,,,,,,,,,,,,,,,,,,,,,,,,,,,,,,,,,,,,,,,,,,,,,,,,,,,,,,,,,,,,,Aller-retour Paris Charles de Gaulle (CDG) ➝ Eindhoven (EIN) en classe économique,https://www.kayak.fr/flights/CDG-EIN/2026-06-21/2026-06-23?ucs=w0gm43&sort=bestflight_a#dialog,Paris Charles de Gaulle (CDG),Eindhoven Airport (EIN),2026-06-21T00:00:00+02:00,2026-06-23T00:00:00+02:00,Économique,À vérifier sur Kayak au moment de la réservation,Non précisée (à récupérer sur Kayak en détail),Environ 1h15 (CDG ➝ EIN)